;ID;Materia;Link
0;3164;Administração Estratégica (11100010154_20221_01) ;https://eadpucpr.blackboard.com/webapps/blackboard/execute/announcement?method=search&context=course_entry&course_id=_3164_1&handle=announcements_entry&mode=view
1;3165;Arquitetura Corporativa (11100010536_20221_01) ;https://eadpucpr.blackboard.com/webapps/blackboard/execute/announcement?method=search&context=course_entry&course_id=_3165_1&handle=announcements_entry&mode=view
2;3166;Banco de Dados Aplicado à Big Data (11100010568_20221_01) ;https://eadpucpr.blackboard.com/webapps/blackboard/execute/announcement?method=search&context=course_entry&course_id=_3166_1&handle=announcements_entry&mode=view
3;3167;Biologia e Bioquímica do Movimento Humano (11100010203_20221_01) ;https://eadpucpr.blackboard.com/webapps/blackboard/execute/announcement?method=search&context=course_entry&course_id=_3167_1&handle=announcements_entry&mode=view
4;3168;Biologia e Bioquímica do Movimento Humano (11100010203_20221_02) ;https://eadpucpr.blackboard.com/webapps/blackboard/execute/announcement?method=search&context=course_entry&course_id=_3168_1&handle=announcements_entry&mode=view
5;3171;Biologia Educacional (11100010302_20221_01) ;https://eadpucpr.blackboard.com/webapps/blackboard/execute/announcement?method=search&context=course_entry&course_id=_3171_1&handle=announcements_entry&mode=view
6;3172;Branding: Gestão de Marcas (11100010390_20221_01) ;https://eadpucpr.blackboard.com/webapps/blackboard/execute/announcement?method=search&context=course_entry&course_id=_3172_1&handle=announcements_entry&mode=view
7;3173;Cálculo de Uma Variável (11100010463_20221_01) ;https://eadpucpr.blackboard.com/webapps/blackboard/execute/announcement?method=search&context=course_entry&course_id=_3173_1&handle=announcements_entry&mode=view
8;3174;Cálculo de Várias Variáveis (11100010464_20221_01) ;https://eadpucpr.blackboard.com/webapps/blackboard/execute/announcement?method=search&context=course_entry&course_id=_3174_1&handle=announcements_entry&mode=view
9;3175;Cenários Econômicos (11100010578_20221_01) ;https://eadpucpr.blackboard.com/webapps/blackboard/execute/announcement?method=search&context=course_entry&course_id=_3175_1&handle=announcements_entry&mode=view
10;3176;Cenários Econômicos (11100010578_20221_02) ;https://eadpucpr.blackboard.com/webapps/blackboard/execute/announcement?method=search&context=course_entry&course_id=_3176_1&handle=announcements_entry&mode=view
11;3177;Cidades Inteligentes e Sistemas de Informação (11100010628_20221_01) ;https://eadpucpr.blackboard.com/webapps/blackboard/execute/announcement?method=search&context=course_entry&course_id=_3177_1&handle=announcements_entry&mode=view
12;3178;Cineantropometria (11100010420_20221_01) ;https://eadpucpr.blackboard.com/webapps/blackboard/execute/announcement?method=search&context=course_entry&course_id=_3178_1&handle=announcements_entry&mode=view
13;3180;Cinesiologia (11100010417_20221_01) ;https://eadpucpr.blackboard.com/webapps/blackboard/execute/announcement?method=search&context=course_entry&course_id=_3180_1&handle=announcements_entry&mode=view
14;3181;Cinesiologia (11100010417_20221_02) ;https://eadpucpr.blackboard.com/webapps/blackboard/execute/announcement?method=search&context=course_entry&course_id=_3181_1&handle=announcements_entry&mode=view
15;3182;Cloud Computing (11100010547_20221_01) ;https://eadpucpr.blackboard.com/webapps/blackboard/execute/announcement?method=search&context=course_entry&course_id=_3182_1&handle=announcements_entry&mode=view
16;3183;Computação Natural (11100010772_20221_01) ;https://eadpucpr.blackboard.com/webapps/blackboard/execute/announcement?method=search&context=course_entry&course_id=_3183_1&handle=announcements_entry&mode=view
17;3184;Conceitos Fundamentais da Matemática (11100010500_20221_01) ;https://eadpucpr.blackboard.com/webapps/blackboard/execute/announcement?method=search&context=course_entry&course_id=_3184_1&handle=announcements_entry&mode=view
18;3185;Conectividade em Sistemas Ciberfísicos (11100010675_20221_01) ;https://eadpucpr.blackboard.com/webapps/blackboard/execute/announcement?method=search&context=course_entry&course_id=_3185_1&handle=announcements_entry&mode=view
19;3186;Construção da Gestão de Pessoas nas Organizações (11100010611_20221_01) ;https://eadpucpr.blackboard.com/webapps/blackboard/execute/announcement?method=search&context=course_entry&course_id=_3186_1&handle=announcements_entry&mode=view
20;3187;Contabilidade Empresarial (11100010163_20221_01) ;https://eadpucpr.blackboard.com/webapps/blackboard/execute/announcement?method=search&context=course_entry&course_id=_3187_1&handle=announcements_entry&mode=view
21;3188;Contabilidade Empresarial (11100010370_20221_01) ;https://eadpucpr.blackboard.com/webapps/blackboard/execute/announcement?method=search&context=course_entry&course_id=_3188_1&handle=announcements_entry&mode=view
22;3189;Contabilidade Governamental (11100010174_20221_01) ;https://eadpucpr.blackboard.com/webapps/blackboard/execute/announcement?method=search&context=course_entry&course_id=_3189_1&handle=announcements_entry&mode=view
23;3190;Contabilidade para Combinação de Negócios (11100010173_20221_01) ;https://eadpucpr.blackboard.com/webapps/blackboard/execute/announcement?method=search&context=course_entry&course_id=_3190_1&handle=announcements_entry&mode=view
24;3191;Corpo: Cultura e Sociedade (11100010422_20221_01) ;https://eadpucpr.blackboard.com/webapps/blackboard/execute/announcement?method=search&context=course_entry&course_id=_3191_1&handle=announcements_entry&mode=view
25;3192;Criminologias Marginais e Contemporâneas (11100011152_20221_01) ;https://eadpucpr.blackboard.com/webapps/blackboard/execute/announcement?method=search&context=course_entry&course_id=_3192_1&handle=announcements_entry&mode=view
26;3193;Cultura e Comportamento Organizacional (11100010612_20221_01) ;https://eadpucpr.blackboard.com/webapps/blackboard/execute/announcement?method=search&context=course_entry&course_id=_3193_1&handle=announcements_entry&mode=view
27;3194;Customer Experience (CX) (11100010581_20221_01) ;https://eadpucpr.blackboard.com/webapps/blackboard/execute/announcement?method=search&context=course_entry&course_id=_3194_1&handle=announcements_entry&mode=view
28;3195;Deformulação, engenharia reversa e prescrição de cosméticos (11100010826_20221_01) ;https://eadpucpr.blackboard.com/webapps/blackboard/execute/announcement?method=search&context=course_entry&course_id=_3195_1&handle=announcements_entry&mode=view
29;3196;Desenvolvimento de Aplicações Orientadas a Objetos (11100010924_20221_01) ;https://eadpucpr.blackboard.com/webapps/blackboard/execute/announcement?method=search&context=course_entry&course_id=_3196_1&handle=announcements_entry&mode=view
30;3200;DevOps (11100011130_20221_01) ;https://eadpucpr.blackboard.com/webapps/blackboard/execute/announcement?method=search&context=course_entry&course_id=_3200_1&handle=announcements_entry&mode=view
31;3201;Direito Empresarial (11100010148_20221_01) ;https://eadpucpr.blackboard.com/webapps/blackboard/execute/announcement?method=search&context=course_entry&course_id=_3201_1&handle=announcements_entry&mode=view
32;3202;Direito Empresarial (11100010357_20221_01) ;https://eadpucpr.blackboard.com/webapps/blackboard/execute/announcement?method=search&context=course_entry&course_id=_3202_1&handle=announcements_entry&mode=view
33;3203;Educação em Direitos Humanos e Educação Ambiental (11100010256_20221_01) ;https://eadpucpr.blackboard.com/webapps/blackboard/execute/announcement?method=search&context=course_entry&course_id=_3203_1&handle=announcements_entry&mode=view
34;3204;Educação em Direitos Humanos e Educação Ambiental (11100010256_20221_02) ;https://eadpucpr.blackboard.com/webapps/blackboard/execute/announcement?method=search&context=course_entry&course_id=_3204_1&handle=announcements_entry&mode=view
35;3205;Educação Física Baseada em Evidências (11100010228_20221_01) ;https://eadpucpr.blackboard.com/webapps/blackboard/execute/announcement?method=search&context=course_entry&course_id=_3205_1&handle=announcements_entry&mode=view
36;3206;Educação, Identidade e Solidariedade (11100010290_20221_01) ;https://eadpucpr.blackboard.com/webapps/blackboard/execute/announcement?method=search&context=course_entry&course_id=_3206_1&handle=announcements_entry&mode=view
37;3207;Educação, Identidade e Solidariedade (11100010601_20221_01) ;https://eadpucpr.blackboard.com/webapps/blackboard/execute/announcement?method=search&context=course_entry&course_id=_3207_1&handle=announcements_entry&mode=view
38;3208;Educação, Identidade e Solidariedade (11100010601_20221_03) ;https://eadpucpr.blackboard.com/webapps/blackboard/execute/announcement?method=search&context=course_entry&course_id=_3208_1&handle=announcements_entry&mode=view
39;3210;Empreendedorismo e Inovação (11100010133_20221_01) ;https://eadpucpr.blackboard.com/webapps/blackboard/execute/announcement?method=search&context=course_entry&course_id=_3210_1&handle=announcements_entry&mode=view
40;3211;Empreendedorismo e Inovação (11100010342_20221_01) ;https://eadpucpr.blackboard.com/webapps/blackboard/execute/announcement?method=search&context=course_entry&course_id=_3211_1&handle=announcements_entry&mode=view
41;3212;Empreendedorismo e Inovação (11100010342_20221_02) ;https://eadpucpr.blackboard.com/webapps/blackboard/execute/announcement?method=search&context=course_entry&course_id=_3212_1&handle=announcements_entry&mode=view
42;3213;Empreendedorismo Social (11100010123_20221_01) ;https://eadpucpr.blackboard.com/webapps/blackboard/execute/announcement?method=search&context=course_entry&course_id=_3213_1&handle=announcements_entry&mode=view
43;3214;Empreendedorismo Social (11100010332_20221_01) ;https://eadpucpr.blackboard.com/webapps/blackboard/execute/announcement?method=search&context=course_entry&course_id=_3214_1&handle=announcements_entry&mode=view
44;3215;Empreendedorismo Social (11100010332_20221_02) ;https://eadpucpr.blackboard.com/webapps/blackboard/execute/announcement?method=search&context=course_entry&course_id=_3215_1&handle=announcements_entry&mode=view
45;3217;Engenharia Organizacional (11100010895_20221_01) ;https://eadpucpr.blackboard.com/webapps/blackboard/execute/announcement?method=search&context=course_entry&course_id=_3217_1&handle=announcements_entry&mode=view
46;3218;Epidemiologia e mecanismo das doenças (11100010750_20221_01) ;https://eadpucpr.blackboard.com/webapps/blackboard/execute/announcement?method=search&context=course_entry&course_id=_3218_1&handle=announcements_entry&mode=view
47;3220;Epidemiologia e mecanismo das doenças (11100010750_20221_03) ;https://eadpucpr.blackboard.com/webapps/blackboard/execute/announcement?method=search&context=course_entry&course_id=_3220_1&handle=announcements_entry&mode=view
48;3221;Epistemologia do Fenômeno Religioso (11100010430_20221_01) ;https://eadpucpr.blackboard.com/webapps/blackboard/execute/announcement?method=search&context=course_entry&course_id=_3221_1&handle=announcements_entry&mode=view
49;3224;Especificação de Sistemas de Informação (11100010549_20221_01) ;https://eadpucpr.blackboard.com/webapps/blackboard/execute/announcement?method=search&context=course_entry&course_id=_3224_1&handle=announcements_entry&mode=view
50;3225;Especificação de Sistemas de Informação (11100010549_20221_02) ;https://eadpucpr.blackboard.com/webapps/blackboard/execute/announcement?method=search&context=course_entry&course_id=_3225_1&handle=announcements_entry&mode=view
51;3226;Esportes Ginásticos (11100010216_20221_01) ;https://eadpucpr.blackboard.com/webapps/blackboard/execute/announcement?method=search&context=course_entry&course_id=_3226_1&handle=announcements_entry&mode=view
52;3227;Esportes Ginásticos (11100010216_20221_02) ;https://eadpucpr.blackboard.com/webapps/blackboard/execute/announcement?method=search&context=course_entry&course_id=_3227_1&handle=announcements_entry&mode=view
53;3228;Estágio Curricular Supervisionado em Docência no Ensino Religioso: Ensino Fundamental - Anos Iniciais - Mapeamento do Contexto Escolar (11109640001_20221_01) ;https://eadpucpr.blackboard.com/webapps/blackboard/execute/announcement?method=search&context=course_entry&course_id=_3228_1&handle=announcements_entry&mode=view
54;3229;Estágio Curricular Supervisionado em Física: Leitura de Documentos e Mapeamento do Contexto Escolar (11109740001_20221_01) ;https://eadpucpr.blackboard.com/webapps/blackboard/execute/announcement?method=search&context=course_entry&course_id=_3229_1&handle=announcements_entry&mode=view
55;3230;Estágio Curricular Supervisionado em Matemática: Leitura de Documentos e Mapeamento do Contexto Escolar (11109940001_20221_01) ;https://eadpucpr.blackboard.com/webapps/blackboard/execute/announcement?method=search&context=course_entry&course_id=_3230_1&handle=announcements_entry&mode=view
56;3231;Estágio Curricular Supervisionado: Docência em Língua Portuguesa (11108540003_20221_01) ;https://eadpucpr.blackboard.com/webapps/blackboard/execute/announcement?method=search&context=course_entry&course_id=_3231_1&handle=announcements_entry&mode=view
57;3232;Estágio Curricular Supervisionado: Pesquisa em Ensino de Química (11109840001_20221_01) ;https://eadpucpr.blackboard.com/webapps/blackboard/execute/announcement?method=search&context=course_entry&course_id=_3232_1&handle=announcements_entry&mode=view
58;3233;Estágio Supervisionado em Anos Iniciais do Ensino Fundamental: Observação e Planejamento (11100840003_20221_01) ;https://eadpucpr.blackboard.com/webapps/blackboard/execute/announcement?method=search&context=course_entry&course_id=_3233_1&handle=announcements_entry&mode=view
59;3235;Estruturação das Demonstrações Financeiras (11100010175_20221_01) ;https://eadpucpr.blackboard.com/webapps/blackboard/execute/announcement?method=search&context=course_entry&course_id=_3235_1&handle=announcements_entry&mode=view
60;3238;Filosofia (11100010255_20221_01) ;https://eadpucpr.blackboard.com/webapps/blackboard/execute/announcement?method=search&context=course_entry&course_id=_3238_1&handle=announcements_entry&mode=view
61;3239;Filosofia (11100010255_20221_02) ;https://eadpucpr.blackboard.com/webapps/blackboard/execute/announcement?method=search&context=course_entry&course_id=_3239_1&handle=announcements_entry&mode=view
62;3241;Física Básica: Mecânica da Partícula (11100010470_20221_01) ;https://eadpucpr.blackboard.com/webapps/blackboard/execute/announcement?method=search&context=course_entry&course_id=_3241_1&handle=announcements_entry&mode=view
63;3242;Física Básica: Movimento Rotacional, Vibrações e Ondas (11100010471_20221_01) ;https://eadpucpr.blackboard.com/webapps/blackboard/execute/announcement?method=search&context=course_entry&course_id=_3242_1&handle=announcements_entry&mode=view
64;3243;Física do Movimento (11100010851_20221_01) ;https://eadpucpr.blackboard.com/webapps/blackboard/execute/announcement?method=search&context=course_entry&course_id=_3243_1&handle=announcements_entry&mode=view
65;3244;Física do Movimento (11100010851_20221_02) ;https://eadpucpr.blackboard.com/webapps/blackboard/execute/announcement?method=search&context=course_entry&course_id=_3244_1&handle=announcements_entry&mode=view
66;3245;Física do Movimento (11100010851_20221_03) ;https://eadpucpr.blackboard.com/webapps/blackboard/execute/announcement?method=search&context=course_entry&course_id=_3245_1&handle=announcements_entry&mode=view
67;3246;Física do Movimento (11100010851_20221_04) ;https://eadpucpr.blackboard.com/webapps/blackboard/execute/announcement?method=search&context=course_entry&course_id=_3246_1&handle=announcements_entry&mode=view
68;3247;Física do Movimento (11100010851_20221_05) ;https://eadpucpr.blackboard.com/webapps/blackboard/execute/announcement?method=search&context=course_entry&course_id=_3247_1&handle=announcements_entry&mode=view
69;3248;Física do Movimento (11100010851_20221_06) ;https://eadpucpr.blackboard.com/webapps/blackboard/execute/announcement?method=search&context=course_entry&course_id=_3248_1&handle=announcements_entry&mode=view
70;3249;Física do Movimento (11100010851_20221_07) ;https://eadpucpr.blackboard.com/webapps/blackboard/execute/announcement?method=search&context=course_entry&course_id=_3249_1&handle=announcements_entry&mode=view
71;3250;Física do Movimento (11100010851_20221_08) ;https://eadpucpr.blackboard.com/webapps/blackboard/execute/announcement?method=search&context=course_entry&course_id=_3250_1&handle=announcements_entry&mode=view
72;3251;Física do Movimento (11100010851_20221_09) ;https://eadpucpr.blackboard.com/webapps/blackboard/execute/announcement?method=search&context=course_entry&course_id=_3251_1&handle=announcements_entry&mode=view
73;3252;Física Experimental: Movimento Rotacional, Vibrações e Ondas (11100010479_20221_01) ;https://eadpucpr.blackboard.com/webapps/blackboard/execute/announcement?method=search&context=course_entry&course_id=_3252_1&handle=announcements_entry&mode=view
74;3255;Fundamentos da Teoria Criminológica (11100011151_20221_01) ;https://eadpucpr.blackboard.com/webapps/blackboard/execute/announcement?method=search&context=course_entry&course_id=_3255_1&handle=announcements_entry&mode=view
75;3256;Fundamentos de Internet das Coisas (11100010552_20221_01) ;https://eadpucpr.blackboard.com/webapps/blackboard/execute/announcement?method=search&context=course_entry&course_id=_3256_1&handle=announcements_entry&mode=view
76;3257;Fundamentos de Internet das Coisas (11100010552_20221_02) ;https://eadpucpr.blackboard.com/webapps/blackboard/execute/announcement?method=search&context=course_entry&course_id=_3257_1&handle=announcements_entry&mode=view
77;3258;Gestão da Inovação e Ferramentas Digitais (11100010121_20221_01) ;https://eadpucpr.blackboard.com/webapps/blackboard/execute/announcement?method=search&context=course_entry&course_id=_3258_1&handle=announcements_entry&mode=view
78;3259;Gestão da Inovação e Ferramentas Digitais (11100010330_20221_01) ;https://eadpucpr.blackboard.com/webapps/blackboard/execute/announcement?method=search&context=course_entry&course_id=_3259_1&handle=announcements_entry&mode=view
79;3260;Gestão da Inovação e Ferramentas Digitais (11100010330_20221_02) ;https://eadpucpr.blackboard.com/webapps/blackboard/execute/announcement?method=search&context=course_entry&course_id=_3260_1&handle=announcements_entry&mode=view
80;3261;Gestão da Inovação e Ferramentas Digitais (11100010330_20221_03) ;https://eadpucpr.blackboard.com/webapps/blackboard/execute/announcement?method=search&context=course_entry&course_id=_3261_1&handle=announcements_entry&mode=view
81;3262;Gestão da Inovação e Ferramentas Digitais (11100010330_20221_04) ;https://eadpucpr.blackboard.com/webapps/blackboard/execute/announcement?method=search&context=course_entry&course_id=_3262_1&handle=announcements_entry&mode=view
82;3263;Gestão de Contratos e Orçamentos de TI (11100010539_20221_01) ;https://eadpucpr.blackboard.com/webapps/blackboard/execute/announcement?method=search&context=course_entry&course_id=_3263_1&handle=announcements_entry&mode=view
83;3265;Gestão de Negócios (11100010649_20221_01) ;https://eadpucpr.blackboard.com/webapps/blackboard/execute/announcement?method=search&context=course_entry&course_id=_3265_1&handle=announcements_entry&mode=view
84;3266;Gestão de Projetos de TI (11100010690_20221_01) ;https://eadpucpr.blackboard.com/webapps/blackboard/execute/announcement?method=search&context=course_entry&course_id=_3266_1&handle=announcements_entry&mode=view
85;3267;Gestão de Projetos em Computação (11100010555_20221_01) ;https://eadpucpr.blackboard.com/webapps/blackboard/execute/announcement?method=search&context=course_entry&course_id=_3267_1&handle=announcements_entry&mode=view
86;3268;Gestão do Relacionamento (11100010603_20221_01) ;https://eadpucpr.blackboard.com/webapps/blackboard/execute/announcement?method=search&context=course_entry&course_id=_3268_1&handle=announcements_entry&mode=view
87;3270;História e Cultura Africana, Afro-Brasileira e Indígena (11100010257_20221_01) ;https://eadpucpr.blackboard.com/webapps/blackboard/execute/announcement?method=search&context=course_entry&course_id=_3270_1&handle=announcements_entry&mode=view
88;3271;História e Cultura Africana, Afro-Brasileira e Indígena (11100010257_20221_02) ;https://eadpucpr.blackboard.com/webapps/blackboard/execute/announcement?method=search&context=course_entry&course_id=_3271_1&handle=announcements_entry&mode=view
89;3272;História e Cultura Africana, Afro-Brasileira e Indígena (11100010257_20221_03) ;https://eadpucpr.blackboard.com/webapps/blackboard/execute/announcement?method=search&context=course_entry&course_id=_3272_1&handle=announcements_entry&mode=view
90;3273;História e Cultura Africana, Afro-Brasileira e Indígena (11100010257_20221_04) ;https://eadpucpr.blackboard.com/webapps/blackboard/execute/announcement?method=search&context=course_entry&course_id=_3273_1&handle=announcements_entry&mode=view
91;3274;Inovações em Estética Facial (11100010825_20221_01) ;https://eadpucpr.blackboard.com/webapps/blackboard/execute/announcement?method=search&context=course_entry&course_id=_3274_1&handle=announcements_entry&mode=view
92;3275;Inteligência Analítica em Negócios (11100010651_20221_01) ;https://eadpucpr.blackboard.com/webapps/blackboard/execute/announcement?method=search&context=course_entry&course_id=_3275_1&handle=announcements_entry&mode=view
93;3276;Introdução à Filosofia (11100010588_20221_01) ;https://eadpucpr.blackboard.com/webapps/blackboard/execute/announcement?method=search&context=course_entry&course_id=_3276_1&handle=announcements_entry&mode=view
94;3277;Introdução à Filosofia (11100010588_20221_02) ;https://eadpucpr.blackboard.com/webapps/blackboard/execute/announcement?method=search&context=course_entry&course_id=_3277_1&handle=announcements_entry&mode=view
95;3278;Introdução à Filosofia (11100010588_20221_03) ;https://eadpucpr.blackboard.com/webapps/blackboard/execute/announcement?method=search&context=course_entry&course_id=_3278_1&handle=announcements_entry&mode=view
96;3279;Introdução à Filosofia (11100010588_20221_04) ;https://eadpucpr.blackboard.com/webapps/blackboard/execute/announcement?method=search&context=course_entry&course_id=_3279_1&handle=announcements_entry&mode=view
97;3280;Legislação para Estabelecimentos de Estética e Direitos Básicos do Consumidor (11100010754_20221_01) ;https://eadpucpr.blackboard.com/webapps/blackboard/execute/announcement?method=search&context=course_entry&course_id=_3280_1&handle=announcements_entry&mode=view
98;3281;Leitura e Escrita Acadêmica (11100010135_20221_01) ;https://eadpucpr.blackboard.com/webapps/blackboard/execute/announcement?method=search&context=course_entry&course_id=_3281_1&handle=announcements_entry&mode=view
99;3282;Leitura e Escrita Acadêmica (11100010268_20221_01) ;https://eadpucpr.blackboard.com/webapps/blackboard/execute/announcement?method=search&context=course_entry&course_id=_3282_1&handle=announcements_entry&mode=view
100;3283;LIBRAS (Língua Brasileira de Sinais) (11100010251_20221_01) ;https://eadpucpr.blackboard.com/webapps/blackboard/execute/announcement?method=search&context=course_entry&course_id=_3283_1&handle=announcements_entry&mode=view
101;3284;Literatura Brasileira Contemporânea (11100010269_20221_01) ;https://eadpucpr.blackboard.com/webapps/blackboard/execute/announcement?method=search&context=course_entry&course_id=_3284_1&handle=announcements_entry&mode=view
102;3285;Marketing de Conteúdo (11100010389_20221_01) ;https://eadpucpr.blackboard.com/webapps/blackboard/execute/announcement?method=search&context=course_entry&course_id=_3285_1&handle=announcements_entry&mode=view
103;3286;Matemática Aplicada à Computação (11100010559_20221_01) ;https://eadpucpr.blackboard.com/webapps/blackboard/execute/announcement?method=search&context=course_entry&course_id=_3286_1&handle=announcements_entry&mode=view
104;3287;Matemática Aplicada à Computação (11100010559_20221_02) ;https://eadpucpr.blackboard.com/webapps/blackboard/execute/announcement?method=search&context=course_entry&course_id=_3287_1&handle=announcements_entry&mode=view
105;3288;Matemática Financeira (11100010623_20221_01) ;https://eadpucpr.blackboard.com/webapps/blackboard/execute/announcement?method=search&context=course_entry&course_id=_3288_1&handle=announcements_entry&mode=view
106;3289;Materiais e Tecnologias Construtivas (11100010854_20221_01) ;https://eadpucpr.blackboard.com/webapps/blackboard/execute/announcement?method=search&context=course_entry&course_id=_3289_1&handle=announcements_entry&mode=view
107;3290;Materiais Metálicos (11100010973_20221_01) ;https://eadpucpr.blackboard.com/webapps/blackboard/execute/announcement?method=search&context=course_entry&course_id=_3290_1&handle=announcements_entry&mode=view
108;3291;Mercado de capitais (11100010155_20221_01) ;https://eadpucpr.blackboard.com/webapps/blackboard/execute/announcement?method=search&context=course_entry&course_id=_3291_1&handle=announcements_entry&mode=view
109;3292;Método da Pesquisa Científica em Ciências da Religião (11100010445_20221_01) ;https://eadpucpr.blackboard.com/webapps/blackboard/execute/announcement?method=search&context=course_entry&course_id=_3292_1&handle=announcements_entry&mode=view
110;3293;Metodologia da Educação Infantil (11100010314_20221_01) ;https://eadpucpr.blackboard.com/webapps/blackboard/execute/announcement?method=search&context=course_entry&course_id=_3293_1&handle=announcements_entry&mode=view
111;3294;Metodologia do Ensino da Matemática para Educação Infantil e Anos Iniciais do Ensino Fundamental (11100010313_20221_01) ;https://eadpucpr.blackboard.com/webapps/blackboard/execute/announcement?method=search&context=course_entry&course_id=_3294_1&handle=announcements_entry&mode=view
112;3295;Metodologia do Ensino de Geografia para Educação Infantil e Anos Iniciais do Ensino Fundamental (11100010315_20221_01) ;https://eadpucpr.blackboard.com/webapps/blackboard/execute/announcement?method=search&context=course_entry&course_id=_3295_1&handle=announcements_entry&mode=view
113;3296;Métodos Quantitativos para Engenharia (11100010853_20221_01) ;https://eadpucpr.blackboard.com/webapps/blackboard/execute/announcement?method=search&context=course_entry&course_id=_3296_1&handle=announcements_entry&mode=view
114;3297;Métricas e Indicadores de TI (11100010542_20221_01) ;https://eadpucpr.blackboard.com/webapps/blackboard/execute/announcement?method=search&context=course_entry&course_id=_3297_1&handle=announcements_entry&mode=view
115;3298;Microbiologia e biossegurança (11100010755_20221_01) ;https://eadpucpr.blackboard.com/webapps/blackboard/execute/announcement?method=search&context=course_entry&course_id=_3298_1&handle=announcements_entry&mode=view
116;3299;Microbiologia e biossegurança (11100010755_20221_02) ;https://eadpucpr.blackboard.com/webapps/blackboard/execute/announcement?method=search&context=course_entry&course_id=_3299_1&handle=announcements_entry&mode=view
117;3300;Microbiologia e biossegurança (11100010755_20221_03) ;https://eadpucpr.blackboard.com/webapps/blackboard/execute/announcement?method=search&context=course_entry&course_id=_3300_1&handle=announcements_entry&mode=view
118;3301;Microbiologia e Biotecnologia (11100011006_20221_01) ;https://eadpucpr.blackboard.com/webapps/blackboard/execute/announcement?method=search&context=course_entry&course_id=_3301_1&handle=announcements_entry&mode=view
119;3302;Modelagem de Sistemas (11100010850_20221_01) ;https://eadpucpr.blackboard.com/webapps/blackboard/execute/announcement?method=search&context=course_entry&course_id=_3302_1&handle=announcements_entry&mode=view
120;3303;Modelagem de Sistemas (11100010850_20221_02) ;https://eadpucpr.blackboard.com/webapps/blackboard/execute/announcement?method=search&context=course_entry&course_id=_3303_1&handle=announcements_entry&mode=view
121;3304;Modelagem de Sistemas (11100010850_20221_03) ;https://eadpucpr.blackboard.com/webapps/blackboard/execute/announcement?method=search&context=course_entry&course_id=_3304_1&handle=announcements_entry&mode=view
122;3305;Modelagem de Sistemas (11100010850_20221_04) ;https://eadpucpr.blackboard.com/webapps/blackboard/execute/announcement?method=search&context=course_entry&course_id=_3305_1&handle=announcements_entry&mode=view
123;3306;Movimento Humano: Tecnologias Digitais de Comunicação e Informação (11100011050_20221_01) ;https://eadpucpr.blackboard.com/webapps/blackboard/execute/announcement?method=search&context=course_entry&course_id=_3306_1&handle=announcements_entry&mode=view
124;3308;Pensamento Criativo (11100010122_20221_01) ;https://eadpucpr.blackboard.com/webapps/blackboard/execute/announcement?method=search&context=course_entry&course_id=_3308_1&handle=announcements_entry&mode=view
125;3309;Pensamento Criativo (11100010331_20221_01) ;https://eadpucpr.blackboard.com/webapps/blackboard/execute/announcement?method=search&context=course_entry&course_id=_3309_1&handle=announcements_entry&mode=view
126;3310;Pensamento Criativo (11100010331_20221_02) ;https://eadpucpr.blackboard.com/webapps/blackboard/execute/announcement?method=search&context=course_entry&course_id=_3310_1&handle=announcements_entry&mode=view
127;3312;Pensamento Criativo (11100010593_20221_02) ;https://eadpucpr.blackboard.com/webapps/blackboard/execute/announcement?method=search&context=course_entry&course_id=_3312_1&handle=announcements_entry&mode=view
128;3314;Planejamento da cadeia suprimentos (SCOR) (11100010595_20221_01) ;https://eadpucpr.blackboard.com/webapps/blackboard/execute/announcement?method=search&context=course_entry&course_id=_3314_1&handle=announcements_entry&mode=view
129;3315;Planejamento e Controle de Produção (11100010645_20221_01) ;https://eadpucpr.blackboard.com/webapps/blackboard/execute/announcement?method=search&context=course_entry&course_id=_3315_1&handle=announcements_entry&mode=view
130;3316;Políticas e Inovação em Tecnologia da Informação (11100010699_20221_01) ;https://eadpucpr.blackboard.com/webapps/blackboard/execute/announcement?method=search&context=course_entry&course_id=_3316_1&handle=announcements_entry&mode=view
131;3320;Prática Profissional: Laboratório de Físico-Química (11100010525_20221_01) ;https://eadpucpr.blackboard.com/webapps/blackboard/execute/announcement?method=search&context=course_entry&course_id=_3320_1&handle=announcements_entry&mode=view
132;3321;Práticas em Gestão: Experiências organizacionais (11100010145_20221_01) ;https://eadpucpr.blackboard.com/webapps/blackboard/execute/announcement?method=search&context=course_entry&course_id=_3321_1&handle=announcements_entry&mode=view
133;3323;Práticas em Gestão: Gestão de projetos (11100010143_20221_01) ;https://eadpucpr.blackboard.com/webapps/blackboard/execute/announcement?method=search&context=course_entry&course_id=_3323_1&handle=announcements_entry&mode=view
134;3324;Práticas em Gestão: Gestão de projetos (11100010352_20221_01) ;https://eadpucpr.blackboard.com/webapps/blackboard/execute/announcement?method=search&context=course_entry&course_id=_3324_1&handle=announcements_entry&mode=view
135;3325;Práticas em Gestão: Modelagem Organizacional (11100010144_20221_01) ;https://eadpucpr.blackboard.com/webapps/blackboard/execute/announcement?method=search&context=course_entry&course_id=_3325_1&handle=announcements_entry&mode=view
136;3326;Práticas em Gestão: Modelagem Organizacional (11100010353_20221_01) ;https://eadpucpr.blackboard.com/webapps/blackboard/execute/announcement?method=search&context=course_entry&course_id=_3326_1&handle=announcements_entry&mode=view
137;3327;Procedimentos estéticos manuais aplicados a estética facial (11100010818_20221_01) ;https://eadpucpr.blackboard.com/webapps/blackboard/execute/announcement?method=search&context=course_entry&course_id=_3327_1&handle=announcements_entry&mode=view
138;3329;Procedimentos estéticos pré e pós operatórios (11100010819_20221_01) ;https://eadpucpr.blackboard.com/webapps/blackboard/execute/announcement?method=search&context=course_entry&course_id=_3329_1&handle=announcements_entry&mode=view
139;3330;Procedimentos estéticos pré e pós operatórios (11100010819_20221_02) ;https://eadpucpr.blackboard.com/webapps/blackboard/execute/announcement?method=search&context=course_entry&course_id=_3330_1&handle=announcements_entry&mode=view
140;3331;Processamento de Linguagem Natural (11100010575_20221_01) ;https://eadpucpr.blackboard.com/webapps/blackboard/execute/announcement?method=search&context=course_entry&course_id=_3331_1&handle=announcements_entry&mode=view
141;3332;Processos de Decisão e Tipos de Segmentação (11100010391_20221_01) ;https://eadpucpr.blackboard.com/webapps/blackboard/execute/announcement?method=search&context=course_entry&course_id=_3332_1&handle=announcements_entry&mode=view
142;3333;Programação Imperativa (11100011030_20221_01) ;https://eadpucpr.blackboard.com/webapps/blackboard/execute/announcement?method=search&context=course_entry&course_id=_3333_1&handle=announcements_entry&mode=view
143;3334;Psicologia da Educação (11100010303_20221_01) ;https://eadpucpr.blackboard.com/webapps/blackboard/execute/announcement?method=search&context=course_entry&course_id=_3334_1&handle=announcements_entry&mode=view
144;3335;Psicologia da Religião (11100010454_20221_01) ;https://eadpucpr.blackboard.com/webapps/blackboard/execute/announcement?method=search&context=course_entry&course_id=_3335_1&handle=announcements_entry&mode=view
145;3336;Raciocínio Computacional (11100010563_20221_01) ;https://eadpucpr.blackboard.com/webapps/blackboard/execute/announcement?method=search&context=course_entry&course_id=_3336_1&handle=announcements_entry&mode=view
146;3337;Raciocínio Computacional (11100010563_20221_02) ;https://eadpucpr.blackboard.com/webapps/blackboard/execute/announcement?method=search&context=course_entry&course_id=_3337_1&handle=announcements_entry&mode=view
147;3338;Religião, Direitos Humanos e Ecologia (11100010458_20221_01) ;https://eadpucpr.blackboard.com/webapps/blackboard/execute/announcement?method=search&context=course_entry&course_id=_3338_1&handle=announcements_entry&mode=view
148;3339;Religião, Mídias e Redes Sociais (11100010443_20221_01) ;https://eadpucpr.blackboard.com/webapps/blackboard/execute/announcement?method=search&context=course_entry&course_id=_3339_1&handle=announcements_entry&mode=view
149;3340;Segurança da Informação (11100010710_20221_01) ;https://eadpucpr.blackboard.com/webapps/blackboard/execute/announcement?method=search&context=course_entry&course_id=_3340_1&handle=announcements_entry&mode=view
150;3341;Semântica (11100010279_20221_01) ;https://eadpucpr.blackboard.com/webapps/blackboard/execute/announcement?method=search&context=course_entry&course_id=_3341_1&handle=announcements_entry&mode=view
151;3342;Sintaxe: Fundamentos de Análise e Descrição (11100010281_20221_01) ;https://eadpucpr.blackboard.com/webapps/blackboard/execute/announcement?method=search&context=course_entry&course_id=_3342_1&handle=announcements_entry&mode=view
152;3344;Sistematização das Informações Contábeis (11100010162_20221_01) ;https://eadpucpr.blackboard.com/webapps/blackboard/execute/announcement?method=search&context=course_entry&course_id=_3344_1&handle=announcements_entry&mode=view
153;3345;Sistematização das Informações Contábeis (11100010369_20221_01) ;https://eadpucpr.blackboard.com/webapps/blackboard/execute/announcement?method=search&context=course_entry&course_id=_3345_1&handle=announcements_entry&mode=view
154;3346;Sociologia da Religião (11100010459_20221_01) ;https://eadpucpr.blackboard.com/webapps/blackboard/execute/announcement?method=search&context=course_entry&course_id=_3346_1&handle=announcements_entry&mode=view
155;3347;Sustentabilidade em Negócios (11100010134_20221_01) ;https://eadpucpr.blackboard.com/webapps/blackboard/execute/announcement?method=search&context=course_entry&course_id=_3347_1&handle=announcements_entry&mode=view
156;3348;Sustentabilidade em Negócios (11100010343_20221_01) ;https://eadpucpr.blackboard.com/webapps/blackboard/execute/announcement?method=search&context=course_entry&course_id=_3348_1&handle=announcements_entry&mode=view
157;3350;Tecnologias Para Desenvolvimento Web (11100010566_20221_01) ;https://eadpucpr.blackboard.com/webapps/blackboard/execute/announcement?method=search&context=course_entry&course_id=_3350_1&handle=announcements_entry&mode=view
158;3351;Temas de Literatura Brasileira (11100010280_20221_01) ;https://eadpucpr.blackboard.com/webapps/blackboard/execute/announcement?method=search&context=course_entry&course_id=_3351_1&handle=announcements_entry&mode=view
159;3352;Termodinâmica (11100010534_20221_01) ;https://eadpucpr.blackboard.com/webapps/blackboard/execute/announcement?method=search&context=course_entry&course_id=_3352_1&handle=announcements_entry&mode=view
160;3353;Verificação e Validação (11100010711_20221_01) ;https://eadpucpr.blackboard.com/webapps/blackboard/execute/announcement?method=search&context=course_entry&course_id=_3353_1&handle=announcements_entry&mode=view
161;3360;Princípios Básicos de Finanças (11100011275_20221_01) ;https://eadpucpr.blackboard.com/webapps/blackboard/execute/announcement?method=search&context=course_entry&course_id=_3360_1&handle=announcements_entry&mode=view
162;3361;Normalização de Trabalhos Acadêmicos - Segundo a ABNT - 2022/1 ;https://eadpucpr.blackboard.com/webapps/blackboard/execute/announcement?method=search&context=course_entry&course_id=_3361_1&handle=announcements_entry&mode=view
163;3362;Comunidade de Tecnologia em Inteligência Artificial Aplicada ;https://eadpucpr.blackboard.com/webapps/blackboard/execute/announcement?method=search&context=course_entry&course_id=_3362_1&handle=announcements_entry&mode=view
164;3365;Técnica em Graph Mining (11100010576_20221_01) ;https://eadpucpr.blackboard.com/webapps/blackboard/execute/announcement?method=search&context=course_entry&course_id=_3365_1&handle=announcements_entry&mode=view
165;3369;Eu, não Robô: Gestão de Pessoas e Orientação para Servir (11100011276_20221_01) ;https://eadpucpr.blackboard.com/webapps/blackboard/execute/announcement?method=search&context=course_entry&course_id=_3369_1&handle=announcements_entry&mode=view
166;3370;Eu, não Robô: Mindset Digital (11100011277_20221_01) ;https://eadpucpr.blackboard.com/webapps/blackboard/execute/announcement?method=search&context=course_entry&course_id=_3370_1&handle=announcements_entry&mode=view
167;3371;Eu, não Robô: Pensamento Crítico e Flexibilidade Cognitiva (11100011278_20221_01) ;https://eadpucpr.blackboard.com/webapps/blackboard/execute/announcement?method=search&context=course_entry&course_id=_3371_1&handle=announcements_entry&mode=view
168;3372;Educação, Identidade e Solidariedade (11100010601_20221_04) ;https://eadpucpr.blackboard.com/webapps/blackboard/execute/announcement?method=search&context=course_entry&course_id=_3372_1&handle=announcements_entry&mode=view
169;3373;Gestão da Inovação e Ferramentas Digitais (11100010330_20221_05) ;https://eadpucpr.blackboard.com/webapps/blackboard/execute/announcement?method=search&context=course_entry&course_id=_3373_1&handle=announcements_entry&mode=view
170;3374;Inteligência Analítica em Negócios (11100010651_20221_03) ;https://eadpucpr.blackboard.com/webapps/blackboard/execute/announcement?method=search&context=course_entry&course_id=_3374_1&handle=announcements_entry&mode=view
171;3376;Pensamento Criativo (11100010331_20221_03) ;https://eadpucpr.blackboard.com/webapps/blackboard/execute/announcement?method=search&context=course_entry&course_id=_3376_1&handle=announcements_entry&mode=view
172;3377;Raciocínio Computacional (11100010563_20221_03) ;https://eadpucpr.blackboard.com/webapps/blackboard/execute/announcement?method=search&context=course_entry&course_id=_3377_1&handle=announcements_entry&mode=view
173;3378;Gestão de Projetos em Computação (11100010555_20221_02) ;https://eadpucpr.blackboard.com/webapps/blackboard/execute/announcement?method=search&context=course_entry&course_id=_3378_1&handle=announcements_entry&mode=view
174;3385;Curso Obrigatório para os Estágios Curriculares Supervisionados - Educação Física (11100011279_20221_01) ;https://eadpucpr.blackboard.com/webapps/blackboard/execute/announcement?method=search&context=course_entry&course_id=_3385_1&handle=announcements_entry&mode=view
175;3389;Experiência Criativa: Navegando pela Engenharia de Software (11100011147_20221_01) ;https://eadpucpr.blackboard.com/webapps/blackboard/execute/announcement?method=search&context=course_entry&course_id=_3389_1&handle=announcements_entry&mode=view
176;3391;Concepção e Design em Engenharia (11100010840_20221_01) ;https://eadpucpr.blackboard.com/webapps/blackboard/execute/announcement?method=search&context=course_entry&course_id=_3391_1&handle=announcements_entry&mode=view
177;3404;Engenharia de Requisitos (11100011148_20221_01) ;https://eadpucpr.blackboard.com/webapps/blackboard/execute/announcement?method=search&context=course_entry&course_id=_3404_1&handle=announcements_entry&mode=view
178;3406;Ética (11100010852_20221_01) ;https://eadpucpr.blackboard.com/webapps/blackboard/execute/announcement?method=search&context=course_entry&course_id=_3406_1&handle=announcements_entry&mode=view
179;3407;Filosofia (11100010841_20221_01) ;https://eadpucpr.blackboard.com/webapps/blackboard/execute/announcement?method=search&context=course_entry&course_id=_3407_1&handle=announcements_entry&mode=view
180;3408;Leitura e Escrita Acadêmica (11100010848_20221_01) ;https://eadpucpr.blackboard.com/webapps/blackboard/execute/announcement?method=search&context=course_entry&course_id=_3408_1&handle=announcements_entry&mode=view
181;3409;Raciocínio Algorítmico (11100011146_20221_01) ;https://eadpucpr.blackboard.com/webapps/blackboard/execute/announcement?method=search&context=course_entry&course_id=_3409_1&handle=announcements_entry&mode=view
182;3411;Raciocínio Matemático para Computação (11100011149_20221_01) ;https://eadpucpr.blackboard.com/webapps/blackboard/execute/announcement?method=search&context=course_entry&course_id=_3411_1&handle=announcements_entry&mode=view
183;3414;Princípios de Robótica (11100010843_20221_02) ;https://eadpucpr.blackboard.com/webapps/blackboard/execute/announcement?method=search&context=course_entry&course_id=_3414_1&handle=announcements_entry&mode=view
184;3416;Experiência Criativa: Navegando pela Engenharia de Software (11100010683_20221_01) ;https://eadpucpr.blackboard.com/webapps/blackboard/execute/announcement?method=search&context=course_entry&course_id=_3416_1&handle=announcements_entry&mode=view
185;3417;Experiência Criativa: Navegando pela Engenharia de Software (11100010683_20221_02) ;https://eadpucpr.blackboard.com/webapps/blackboard/execute/announcement?method=search&context=course_entry&course_id=_3417_1&handle=announcements_entry&mode=view
186;3420;Leitura e Escrita Acadêmica (11100010268_20221_02) ;https://eadpucpr.blackboard.com/webapps/blackboard/execute/announcement?method=search&context=course_entry&course_id=_3420_1&handle=announcements_entry&mode=view
187;3421;Química dos Materiais (11100010839_20221_01) ;https://eadpucpr.blackboard.com/webapps/blackboard/execute/announcement?method=search&context=course_entry&course_id=_3421_1&handle=announcements_entry&mode=view
188;3426;Química dos Materiais (11100010839_20221_06) ;https://eadpucpr.blackboard.com/webapps/blackboard/execute/announcement?method=search&context=course_entry&course_id=_3426_1&handle=announcements_entry&mode=view
189;3429;Química dos Materiais (11100010839_20221_09) ;https://eadpucpr.blackboard.com/webapps/blackboard/execute/announcement?method=search&context=course_entry&course_id=_3429_1&handle=announcements_entry&mode=view
190;3432;Química dos Materiais (11100010839_20221_12) ;https://eadpucpr.blackboard.com/webapps/blackboard/execute/announcement?method=search&context=course_entry&course_id=_3432_1&handle=announcements_entry&mode=view
191;3435;Química dos Materiais (11100010839_20221_15) ;https://eadpucpr.blackboard.com/webapps/blackboard/execute/announcement?method=search&context=course_entry&course_id=_3435_1&handle=announcements_entry&mode=view
192;3444;Química dos Materiais (11100010839_20221_24) ;https://eadpucpr.blackboard.com/webapps/blackboard/execute/announcement?method=search&context=course_entry&course_id=_3444_1&handle=announcements_entry&mode=view
193;3445;Gestão de Equipes de Alto Desempenho (11100010687_20221_01) ;https://eadpucpr.blackboard.com/webapps/blackboard/execute/announcement?method=search&context=course_entry&course_id=_3445_1&handle=announcements_entry&mode=view
194;3446;Gestão de Equipes de Alto Desempenho (11100010687_20221_01) ;https://eadpucpr.blackboard.com/webapps/blackboard/execute/announcement?method=search&context=course_entry&course_id=_3446_1&handle=announcements_entry&mode=view
195;3449;Pensamento Criativo (11100010593_20221_03) ;https://eadpucpr.blackboard.com/webapps/blackboard/execute/announcement?method=search&context=course_entry&course_id=_3449_1&handle=announcements_entry&mode=view
196;3450;Performance em Sistemas Ciberfísicos (11100010698_20221_01) ;https://eadpucpr.blackboard.com/webapps/blackboard/execute/announcement?method=search&context=course_entry&course_id=_3450_1&handle=announcements_entry&mode=view
197;3455;Análise Financeira (11100010345_20221_01) ;https://eadpucpr.blackboard.com/webapps/blackboard/execute/announcement?method=search&context=course_entry&course_id=_3455_1&handle=announcements_entry&mode=view
198;3456;Precificação (11100010346_20221_01) ;https://eadpucpr.blackboard.com/webapps/blackboard/execute/announcement?method=search&context=course_entry&course_id=_3456_1&handle=announcements_entry&mode=view
199;3550;Projetos em Gestão Pública (11100011308_20221_01) ;https://eadpucpr.blackboard.com/webapps/blackboard/execute/announcement?method=search&context=course_entry&course_id=_3550_1&handle=announcements_entry&mode=view
200;3551;Administração da produção e operações (11100010146_20221_01) ;https://eadpucpr.blackboard.com/webapps/blackboard/execute/announcement?method=search&context=course_entry&course_id=_3551_1&handle=announcements_entry&mode=view
201;3552;Administração Estratégica (11100010648_20221_01) ;https://eadpucpr.blackboard.com/webapps/blackboard/execute/announcement?method=search&context=course_entry&course_id=_3552_1&handle=announcements_entry&mode=view
202;3554;Análise Financeira (11100010136_20221_01) ;https://eadpucpr.blackboard.com/webapps/blackboard/execute/announcement?method=search&context=course_entry&course_id=_3554_1&handle=announcements_entry&mode=view
203;3555;Antropologia da Religião (11100010429_20221_01) ;https://eadpucpr.blackboard.com/webapps/blackboard/execute/announcement?method=search&context=course_entry&course_id=_3555_1&handle=announcements_entry&mode=view
204;3556;Atitude empreendedora (11100010744_20221_01) ;https://eadpucpr.blackboard.com/webapps/blackboard/execute/announcement?method=search&context=course_entry&course_id=_3556_1&handle=announcements_entry&mode=view
205;3557;Atitude empreendedora (11100010744_20221_02) ;https://eadpucpr.blackboard.com/webapps/blackboard/execute/announcement?method=search&context=course_entry&course_id=_3557_1&handle=announcements_entry&mode=view
206;3558;Atração e Seleção (11100010609_20221_01) ;https://eadpucpr.blackboard.com/webapps/blackboard/execute/announcement?method=search&context=course_entry&course_id=_3558_1&handle=announcements_entry&mode=view
207;3559;Auditoria e prestação de contas no setor público (11100010627_20221_01) ;https://eadpucpr.blackboard.com/webapps/blackboard/execute/announcement?method=search&context=course_entry&course_id=_3559_1&handle=announcements_entry&mode=view
208;3560;Bases Anatomofisiológicos (11100010204_20221_01) ;https://eadpucpr.blackboard.com/webapps/blackboard/execute/announcement?method=search&context=course_entry&course_id=_3560_1&handle=announcements_entry&mode=view
209;3563;Big Data (11100010674_20221_01) ;https://eadpucpr.blackboard.com/webapps/blackboard/execute/announcement?method=search&context=course_entry&course_id=_3563_1&handle=announcements_entry&mode=view
210;3564;Biomecânica (11100010418_20221_01) ;https://eadpucpr.blackboard.com/webapps/blackboard/execute/announcement?method=search&context=course_entry&course_id=_3564_1&handle=announcements_entry&mode=view
211;3565;Biomecânica (11100010418_20221_02) ;https://eadpucpr.blackboard.com/webapps/blackboard/execute/announcement?method=search&context=course_entry&course_id=_3565_1&handle=announcements_entry&mode=view
212;3566;Ciências da Religião e Teologia (11100010456_20221_01) ;https://eadpucpr.blackboard.com/webapps/blackboard/execute/announcement?method=search&context=course_entry&course_id=_3566_1&handle=announcements_entry&mode=view
213;3567;Cloud Computing (11100010547_20221_02) ;https://eadpucpr.blackboard.com/webapps/blackboard/execute/announcement?method=search&context=course_entry&course_id=_3567_1&handle=announcements_entry&mode=view
214;3568;Comunicação Aplicada (11100010580_20221_01) ;https://eadpucpr.blackboard.com/webapps/blackboard/execute/announcement?method=search&context=course_entry&course_id=_3568_1&handle=announcements_entry&mode=view
215;3569;Contabilidade de Custos (11100010164_20221_01) ;https://eadpucpr.blackboard.com/webapps/blackboard/execute/announcement?method=search&context=course_entry&course_id=_3569_1&handle=announcements_entry&mode=view
216;3571;Controladoria e Governança (11100010165_20221_01) ;https://eadpucpr.blackboard.com/webapps/blackboard/execute/announcement?method=search&context=course_entry&course_id=_3571_1&handle=announcements_entry&mode=view
217;3572;Corpo: Cultura e Sociedade (11100010422_20221_02) ;https://eadpucpr.blackboard.com/webapps/blackboard/execute/announcement?method=search&context=course_entry&course_id=_3572_1&handle=announcements_entry&mode=view
218;3574;Demonstrações Contábeis (11100010125_20221_01) ;https://eadpucpr.blackboard.com/webapps/blackboard/execute/announcement?method=search&context=course_entry&course_id=_3574_1&handle=announcements_entry&mode=view
219;3576;Direito Empresarial (11100010148_20221_02) ;https://eadpucpr.blackboard.com/webapps/blackboard/execute/announcement?method=search&context=course_entry&course_id=_3576_1&handle=announcements_entry&mode=view
220;3577;Educação Física na Infância (11100010208_20221_01) ;https://eadpucpr.blackboard.com/webapps/blackboard/execute/announcement?method=search&context=course_entry&course_id=_3577_1&handle=announcements_entry&mode=view
221;3578;Educação Física na Infância (11100010208_20221_02) ;https://eadpucpr.blackboard.com/webapps/blackboard/execute/announcement?method=search&context=course_entry&course_id=_3578_1&handle=announcements_entry&mode=view
222;3579;Educação, Identidade e Solidariedade (11100010601_20221_02) ;https://eadpucpr.blackboard.com/webapps/blackboard/execute/announcement?method=search&context=course_entry&course_id=_3579_1&handle=announcements_entry&mode=view
223;3580;Empreendedorismo e Inovação (11100010583_20221_01) ;https://eadpucpr.blackboard.com/webapps/blackboard/execute/announcement?method=search&context=course_entry&course_id=_3580_1&handle=announcements_entry&mode=view
224;3581;Estudos da Infância (11100010306_20221_01) ;https://eadpucpr.blackboard.com/webapps/blackboard/execute/announcement?method=search&context=course_entry&course_id=_3581_1&handle=announcements_entry&mode=view
225;3583;Filosofia da Religião (11100010462_20221_01) ;https://eadpucpr.blackboard.com/webapps/blackboard/execute/announcement?method=search&context=course_entry&course_id=_3583_1&handle=announcements_entry&mode=view
226;3584;Filosofia e Sociologia da Educação (11100010258_20221_01) ;https://eadpucpr.blackboard.com/webapps/blackboard/execute/announcement?method=search&context=course_entry&course_id=_3584_1&handle=announcements_entry&mode=view
227;3585;Fonética e Fonologia (11100010271_20221_01) ;https://eadpucpr.blackboard.com/webapps/blackboard/execute/announcement?method=search&context=course_entry&course_id=_3585_1&handle=announcements_entry&mode=view
228;3586;Fundamentos da Educação Infantil (11100010304_20221_01) ;https://eadpucpr.blackboard.com/webapps/blackboard/execute/announcement?method=search&context=course_entry&course_id=_3586_1&handle=announcements_entry&mode=view
229;3587;Fundamentos da Programação Orientada a Objetos (11100010550_20221_01) ;https://eadpucpr.blackboard.com/webapps/blackboard/execute/announcement?method=search&context=course_entry&course_id=_3587_1&handle=announcements_entry&mode=view
230;3588;Fundamentos de Big Data (11100010551_20221_01) ;https://eadpucpr.blackboard.com/webapps/blackboard/execute/announcement?method=search&context=course_entry&course_id=_3588_1&handle=announcements_entry&mode=view
231;3589;Geometria Plana e Espacial (11100010483_20221_01) ;https://eadpucpr.blackboard.com/webapps/blackboard/execute/announcement?method=search&context=course_entry&course_id=_3589_1&handle=announcements_entry&mode=view
232;3590;Gestão de estabelecimentos de interesse a saúde (11100010753_20221_01) ;https://eadpucpr.blackboard.com/webapps/blackboard/execute/announcement?method=search&context=course_entry&course_id=_3590_1&handle=announcements_entry&mode=view
233;3591;Gestão de estabelecimentos de interesse a saúde (11100010753_20221_02) ;https://eadpucpr.blackboard.com/webapps/blackboard/execute/announcement?method=search&context=course_entry&course_id=_3591_1&handle=announcements_entry&mode=view
234;3592;Gestão de Gente (11100010585_20221_01) ;https://eadpucpr.blackboard.com/webapps/blackboard/execute/announcement?method=search&context=course_entry&course_id=_3592_1&handle=announcements_entry&mode=view
235;3594;Gestão de Negócios (11100010124_20221_01) ;https://eadpucpr.blackboard.com/webapps/blackboard/execute/announcement?method=search&context=course_entry&course_id=_3594_1&handle=announcements_entry&mode=view
236;3595;Gestão de Serviços de Tecnologia da Informação (11100010541_20221_01) ;https://eadpucpr.blackboard.com/webapps/blackboard/execute/announcement?method=search&context=course_entry&course_id=_3595_1&handle=announcements_entry&mode=view
237;3596;Gestão do Capital de Giro (11100010622_20221_01) ;https://eadpucpr.blackboard.com/webapps/blackboard/execute/announcement?method=search&context=course_entry&course_id=_3596_1&handle=announcements_entry&mode=view
238;3597;Gestão e Marketing na Educação Física (11100010210_20221_01) ;https://eadpucpr.blackboard.com/webapps/blackboard/execute/announcement?method=search&context=course_entry&course_id=_3597_1&handle=announcements_entry&mode=view
239;3598;Gestão e Marketing na Educação Física (11100010210_20221_02) ;https://eadpucpr.blackboard.com/webapps/blackboard/execute/announcement?method=search&context=course_entry&course_id=_3598_1&handle=announcements_entry&mode=view
240;3599;História do Conhecimento Científico (11100010484_20221_01) ;https://eadpucpr.blackboard.com/webapps/blackboard/execute/announcement?method=search&context=course_entry&course_id=_3599_1&handle=announcements_entry&mode=view
241;3600;Inbound Marketing (11100010604_20221_01) ;https://eadpucpr.blackboard.com/webapps/blackboard/execute/announcement?method=search&context=course_entry&course_id=_3600_1&handle=announcements_entry&mode=view
242;3601;Influenciadores Digitais (11100010605_20221_01) ;https://eadpucpr.blackboard.com/webapps/blackboard/execute/announcement?method=search&context=course_entry&course_id=_3601_1&handle=announcements_entry&mode=view
243;3602;Iniciação Esportiva: Esportes Individuais e Coletivos (11100010206_20221_01) ;https://eadpucpr.blackboard.com/webapps/blackboard/execute/announcement?method=search&context=course_entry&course_id=_3602_1&handle=announcements_entry&mode=view
244;3603;Iniciação Esportiva: Esportes Individuais e Coletivos (11100010206_20221_02) ;https://eadpucpr.blackboard.com/webapps/blackboard/execute/announcement?method=search&context=course_entry&course_id=_3603_1&handle=announcements_entry&mode=view
245;3604;Inteligência Analítica em Negócios (11100010651_20221_02) ;https://eadpucpr.blackboard.com/webapps/blackboard/execute/announcement?method=search&context=course_entry&course_id=_3604_1&handle=announcements_entry&mode=view
246;3606;Legislação do setor público (11100010635_20221_01) ;https://eadpucpr.blackboard.com/webapps/blackboard/execute/announcement?method=search&context=course_entry&course_id=_3606_1&handle=announcements_entry&mode=view
247;3607;Literatura para Educação Infantil e Anos Iniciais do Ensino Fundamental (11100010305_20221_01) ;https://eadpucpr.blackboard.com/webapps/blackboard/execute/announcement?method=search&context=course_entry&course_id=_3607_1&handle=announcements_entry&mode=view
248;3608;Logística Internacional (11100010641_20221_01) ;https://eadpucpr.blackboard.com/webapps/blackboard/execute/announcement?method=search&context=course_entry&course_id=_3608_1&handle=announcements_entry&mode=view
249;3609;Logística Pública (11100010642_20221_01) ;https://eadpucpr.blackboard.com/webapps/blackboard/execute/announcement?method=search&context=course_entry&course_id=_3609_1&handle=announcements_entry&mode=view
250;3610;Logística Reversa (11100010643_20221_01) ;https://eadpucpr.blackboard.com/webapps/blackboard/execute/announcement?method=search&context=course_entry&course_id=_3610_1&handle=announcements_entry&mode=view
251;3611;Mercado Financeiro (11100010624_20221_01) ;https://eadpucpr.blackboard.com/webapps/blackboard/execute/announcement?method=search&context=course_entry&course_id=_3611_1&handle=announcements_entry&mode=view
252;3612;Métodos de Pesquisa e Ordenação em Estruturas de Dados (11100010561_20221_01) ;https://eadpucpr.blackboard.com/webapps/blackboard/execute/announcement?method=search&context=course_entry&course_id=_3612_1&handle=announcements_entry&mode=view
253;3613;Operações Financeiras e Créditos (11100010335_20221_01) ;https://eadpucpr.blackboard.com/webapps/blackboard/execute/announcement?method=search&context=course_entry&course_id=_3613_1&handle=announcements_entry&mode=view
254;3614;Operações Financeiras e Créditos (11100010126_20221_01) ;https://eadpucpr.blackboard.com/webapps/blackboard/execute/announcement?method=search&context=course_entry&course_id=_3614_1&handle=announcements_entry&mode=view
255;3615;Políticas Educacionais e Gestão da Escola (11100010259_20221_01) ;https://eadpucpr.blackboard.com/webapps/blackboard/execute/announcement?method=search&context=course_entry&course_id=_3615_1&handle=announcements_entry&mode=view
256;3616;Pratica Profissional Modelos de Análise e Elaboração de Materiais Didáticos (11100010270_20221_01) ;https://eadpucpr.blackboard.com/webapps/blackboard/execute/announcement?method=search&context=course_entry&course_id=_3616_1&handle=announcements_entry&mode=view
257;3617;Práticas Orais e Escritas de Língua Inglesa (11100010272_20221_01) ;https://eadpucpr.blackboard.com/webapps/blackboard/execute/announcement?method=search&context=course_entry&course_id=_3617_1&handle=announcements_entry&mode=view
258;3618;Precificação (11100010137_20221_01) ;https://eadpucpr.blackboard.com/webapps/blackboard/execute/announcement?method=search&context=course_entry&course_id=_3618_1&handle=announcements_entry&mode=view
259;3619;Preparação e Análise Exploratória de Dados (11100010574_20221_01) ;https://eadpucpr.blackboard.com/webapps/blackboard/execute/announcement?method=search&context=course_entry&course_id=_3619_1&handle=announcements_entry&mode=view
260;3620;Programação Web (11100010701_20221_01) ;https://eadpucpr.blackboard.com/webapps/blackboard/execute/announcement?method=search&context=course_entry&course_id=_3620_1&handle=announcements_entry&mode=view
261;3621;Projeto de Sistemas de Informação (11100010562_20221_01) ;https://eadpucpr.blackboard.com/webapps/blackboard/execute/announcement?method=search&context=course_entry&course_id=_3621_1&handle=announcements_entry&mode=view
262;3622;Propriedades Físicas e Químicas da Matéria (11100010492_20221_01) ;https://eadpucpr.blackboard.com/webapps/blackboard/execute/announcement?method=search&context=course_entry&course_id=_3622_1&handle=announcements_entry&mode=view
263;3623;Protocolo de intervenção em estética e saúde (11100010761_20221_01) ;https://eadpucpr.blackboard.com/webapps/blackboard/execute/announcement?method=search&context=course_entry&course_id=_3623_1&handle=announcements_entry&mode=view
264;3624;Psicologia, Saúde e Relacionamento Humano (11100010762_20221_01) ;https://eadpucpr.blackboard.com/webapps/blackboard/execute/announcement?method=search&context=course_entry&course_id=_3624_1&handle=announcements_entry&mode=view
265;3625;Publicidade online (11100010606_20221_01) ;https://eadpucpr.blackboard.com/webapps/blackboard/execute/announcement?method=search&context=course_entry&course_id=_3625_1&handle=announcements_entry&mode=view
266;3626;Raciocínio Computacional (11100010563_20221_04) ;https://eadpucpr.blackboard.com/webapps/blackboard/execute/announcement?method=search&context=course_entry&course_id=_3626_1&handle=announcements_entry&mode=view
267;3627;Relacionamento com Clientes e Fornecedores (11100010597_20221_01) ;https://eadpucpr.blackboard.com/webapps/blackboard/execute/announcement?method=search&context=course_entry&course_id=_3627_1&handle=announcements_entry&mode=view
268;3628;Remuneração, Carreira e Retenção (11100010616_20221_01) ;https://eadpucpr.blackboard.com/webapps/blackboard/execute/announcement?method=search&context=course_entry&course_id=_3628_1&handle=announcements_entry&mode=view
269;3629;Resolução de Problemas Estruturados em Computação (11100010709_20221_01) ;https://eadpucpr.blackboard.com/webapps/blackboard/execute/announcement?method=search&context=course_entry&course_id=_3629_1&handle=announcements_entry&mode=view
270;3632;Semiologia e Gerontologia (11100010765_20221_02) ;https://eadpucpr.blackboard.com/webapps/blackboard/execute/announcement?method=search&context=course_entry&course_id=_3632_1&handle=announcements_entry&mode=view
271;3633;Técnicas de Negociação e Vendas (11100010598_20221_01) ;https://eadpucpr.blackboard.com/webapps/blackboard/execute/announcement?method=search&context=course_entry&course_id=_3633_1&handle=announcements_entry&mode=view
272;3634;Teologia e Sociedade (11100010599_20221_01) ;https://eadpucpr.blackboard.com/webapps/blackboard/execute/announcement?method=search&context=course_entry&course_id=_3634_1&handle=announcements_entry&mode=view
273;3635;Teoria e Prática dos Esportes Coletivos: Futsal, Futebol e Handebol (11100010235_20221_01) ;https://eadpucpr.blackboard.com/webapps/blackboard/execute/announcement?method=search&context=course_entry&course_id=_3635_1&handle=announcements_entry&mode=view
274;3636;Teoria e Prática dos Esportes Coletivos: Futsal, Futebol e Handebol (11100010235_20221_02) ;https://eadpucpr.blackboard.com/webapps/blackboard/execute/announcement?method=search&context=course_entry&course_id=_3636_1&handle=announcements_entry&mode=view
275;3638;Análise das Demonstrações Financeiras (11100010618_20221_01) ;https://eadpucpr.blackboard.com/webapps/blackboard/execute/announcement?method=search&context=course_entry&course_id=_3638_1&handle=announcements_entry&mode=view
276;3639;Anatomia e Fisiologia Animal (11100011282_20221_01) ;https://eadpucpr.blackboard.com/webapps/blackboard/execute/announcement?method=search&context=course_entry&course_id=_3639_1&handle=announcements_entry&mode=view
277;3641;Análise do Discurso (11100010283_20221_01) ;https://eadpucpr.blackboard.com/webapps/blackboard/execute/announcement?method=search&context=course_entry&course_id=_3641_1&handle=announcements_entry&mode=view
278;3642;Antropologia do Consumo (11100010393_20221_01) ;https://eadpucpr.blackboard.com/webapps/blackboard/execute/announcement?method=search&context=course_entry&course_id=_3642_1&handle=announcements_entry&mode=view
279;3643;Auditoria (11100010176_20221_01) ;https://eadpucpr.blackboard.com/webapps/blackboard/execute/announcement?method=search&context=course_entry&course_id=_3643_1&handle=announcements_entry&mode=view
280;3644;Auditoria de sistemas (11100010537_20221_01) ;https://eadpucpr.blackboard.com/webapps/blackboard/execute/announcement?method=search&context=course_entry&course_id=_3644_1&handle=announcements_entry&mode=view
281;3645;Big Data Stream (11100010569_20221_01) ;https://eadpucpr.blackboard.com/webapps/blackboard/execute/announcement?method=search&context=course_entry&course_id=_3645_1&handle=announcements_entry&mode=view
282;3646;Cálculo Numérico (11100010499_20221_01) ;https://eadpucpr.blackboard.com/webapps/blackboard/execute/announcement?method=search&context=course_entry&course_id=_3646_1&handle=announcements_entry&mode=view
283;3647;Ciência de Dados (11100010579_20221_01) ;https://eadpucpr.blackboard.com/webapps/blackboard/execute/announcement?method=search&context=course_entry&course_id=_3647_1&handle=announcements_entry&mode=view
284;3648;Competências para Gestão de Pessoas (11100010610_20221_01) ;https://eadpucpr.blackboard.com/webapps/blackboard/execute/announcement?method=search&context=course_entry&course_id=_3648_1&handle=announcements_entry&mode=view
285;3649;Compliance e Governança (11100010619_20221_01) ;https://eadpucpr.blackboard.com/webapps/blackboard/execute/announcement?method=search&context=course_entry&course_id=_3649_1&handle=announcements_entry&mode=view
286;3650;Contabilidade de Custos (11100010371_20221_01) ;https://eadpucpr.blackboard.com/webapps/blackboard/execute/announcement?method=search&context=course_entry&course_id=_3650_1&handle=announcements_entry&mode=view
287;3651;Contabilidade Societária (11100010373_20221_01) ;https://eadpucpr.blackboard.com/webapps/blackboard/execute/announcement?method=search&context=course_entry&course_id=_3651_1&handle=announcements_entry&mode=view
288;3652;Controladoria e Governança (11100010372_20221_01) ;https://eadpucpr.blackboard.com/webapps/blackboard/execute/announcement?method=search&context=course_entry&course_id=_3652_1&handle=announcements_entry&mode=view
289;3653;Coolhunting (11100010394_20221_01) ;https://eadpucpr.blackboard.com/webapps/blackboard/execute/announcement?method=search&context=course_entry&course_id=_3653_1&handle=announcements_entry&mode=view
290;3654;Demonstrações Financeiras (11100010582_20221_01) ;https://eadpucpr.blackboard.com/webapps/blackboard/execute/announcement?method=search&context=course_entry&course_id=_3654_1&handle=announcements_entry&mode=view
291;3655;Desenvolvimento para dispositivos móveis (11100010548_20221_01) ;https://eadpucpr.blackboard.com/webapps/blackboard/execute/announcement?method=search&context=course_entry&course_id=_3655_1&handle=announcements_entry&mode=view
292;3656;Design de Software (11100010679_20221_01) ;https://eadpucpr.blackboard.com/webapps/blackboard/execute/announcement?method=search&context=course_entry&course_id=_3656_1&handle=announcements_entry&mode=view
293;3657;Direito Constitucional, Social e Econômico (11100011154_20221_01) ;https://eadpucpr.blackboard.com/webapps/blackboard/execute/announcement?method=search&context=course_entry&course_id=_3657_1&handle=announcements_entry&mode=view
294;3659;Direitos Humanos, Fundamentais e Organização do Estado (11100011153_20221_01) ;https://eadpucpr.blackboard.com/webapps/blackboard/execute/announcement?method=search&context=course_entry&course_id=_3659_1&handle=announcements_entry&mode=view
295;3660;Envelhecimento, Atividade Física e Saúde (11100010225_20221_01) ;https://eadpucpr.blackboard.com/webapps/blackboard/execute/announcement?method=search&context=course_entry&course_id=_3660_1&handle=announcements_entry&mode=view
296;3661;Equações Diferenciais (11100010466_20221_01) ;https://eadpucpr.blackboard.com/webapps/blackboard/execute/announcement?method=search&context=course_entry&course_id=_3661_1&handle=announcements_entry&mode=view
297;3662;Estágio Curricular Supervisionado em Docência no Ensino Religioso: Ensino Fundamental - Anos Finais - Mapeamento do Contexto Escolar (11109640002_20221_01) ;https://eadpucpr.blackboard.com/webapps/blackboard/execute/announcement?method=search&context=course_entry&course_id=_3662_1&handle=announcements_entry&mode=view
298;3663;Estágio Curricular Supervisionado em Física: As Concepções de Ensino e Aprendizagem da Proposta Curricular da Disciplina e a Rotina Escolar do Professor de Física (11109740002_20221_01) ;https://eadpucpr.blackboard.com/webapps/blackboard/execute/announcement?method=search&context=course_entry&course_id=_3663_1&handle=announcements_entry&mode=view
299;3665;Estágio Curricular Supervisionado: Docência em Língua Inglesa (11108540004_20221_01) ;https://eadpucpr.blackboard.com/webapps/blackboard/execute/announcement?method=search&context=course_entry&course_id=_3665_1&handle=announcements_entry&mode=view
300;3666;Estágio Curricular Supervisionado: Ensino Contextualizado de Química (11109840002_20221_01) ;https://eadpucpr.blackboard.com/webapps/blackboard/execute/announcement?method=search&context=course_entry&course_id=_3666_1&handle=announcements_entry&mode=view
301;3667;Estágio Supervisionado em Anos Iniciais do Ensino Fundamental: Regência e Avaliação (11100840004_20221_01) ;https://eadpucpr.blackboard.com/webapps/blackboard/execute/announcement?method=search&context=course_entry&course_id=_3667_1&handle=announcements_entry&mode=view
302;3668;Estágio Supervisionado em Educação Física na Área da Atividade Física e Saúde I (11105940002_20221_01) ;https://eadpucpr.blackboard.com/webapps/blackboard/execute/announcement?method=search&context=course_entry&course_id=_3668_1&handle=announcements_entry&mode=view
303;3669;Estudos de Literatura Inglesa (11100010282_20221_01) ;https://eadpucpr.blackboard.com/webapps/blackboard/execute/announcement?method=search&context=course_entry&course_id=_3669_1&handle=announcements_entry&mode=view
304;3671;Evolução do Pensamento Contábil (11100010177_20221_01) ;https://eadpucpr.blackboard.com/webapps/blackboard/execute/announcement?method=search&context=course_entry&course_id=_3671_1&handle=announcements_entry&mode=view
305;3673;Física Experimental: Mecânica (11100010478_20221_01) ;https://eadpucpr.blackboard.com/webapps/blackboard/execute/announcement?method=search&context=course_entry&course_id=_3673_1&handle=announcements_entry&mode=view
306;3674;Fundamentos da Análise Instrumental (11100010520_20221_01) ;https://eadpucpr.blackboard.com/webapps/blackboard/execute/announcement?method=search&context=course_entry&course_id=_3674_1&handle=announcements_entry&mode=view
307;3677;Gestão de Compras (11100010639_20221_01) ;https://eadpucpr.blackboard.com/webapps/blackboard/execute/announcement?method=search&context=course_entry&course_id=_3677_1&handle=announcements_entry&mode=view
308;3678;Gestão de Crédito e Cobrança (11100010621_20221_01) ;https://eadpucpr.blackboard.com/webapps/blackboard/execute/announcement?method=search&context=course_entry&course_id=_3678_1&handle=announcements_entry&mode=view
309;3681;Gestão do Desempenho (11100010650_20221_01) ;https://eadpucpr.blackboard.com/webapps/blackboard/execute/announcement?method=search&context=course_entry&course_id=_3681_1&handle=announcements_entry&mode=view
310;3682;Gestão estratégica de custos (11100010586_20221_01) ;https://eadpucpr.blackboard.com/webapps/blackboard/execute/announcement?method=search&context=course_entry&course_id=_3682_1&handle=announcements_entry&mode=view
311;3683;Gestão Integrada da Produção (11100010156_20221_01) ;https://eadpucpr.blackboard.com/webapps/blackboard/execute/announcement?method=search&context=course_entry&course_id=_3683_1&handle=announcements_entry&mode=view
312;3684;Gestão por competências (11100010587_20221_01) ;https://eadpucpr.blackboard.com/webapps/blackboard/execute/announcement?method=search&context=course_entry&course_id=_3684_1&handle=announcements_entry&mode=view
313;3685;História e hermenêutica das religiões: Islamismo (11100010434_20221_01) ;https://eadpucpr.blackboard.com/webapps/blackboard/execute/announcement?method=search&context=course_entry&course_id=_3685_1&handle=announcements_entry&mode=view
314;3686;IA aplicada à Computação Forense (11100010778_20221_01) ;https://eadpucpr.blackboard.com/webapps/blackboard/execute/announcement?method=search&context=course_entry&course_id=_3686_1&handle=announcements_entry&mode=view
315;3687;IA na Gestão de Negócios (11100010781_20221_01) ;https://eadpucpr.blackboard.com/webapps/blackboard/execute/announcement?method=search&context=course_entry&course_id=_3687_1&handle=announcements_entry&mode=view
316;3688;IA na Indústria 4.0 (11100010782_20221_01) ;https://eadpucpr.blackboard.com/webapps/blackboard/execute/announcement?method=search&context=course_entry&course_id=_3688_1&handle=announcements_entry&mode=view
317;3689;Laboratório de pessoas, organização e trabalho (11100010356_20221_01) ;https://eadpucpr.blackboard.com/webapps/blackboard/execute/announcement?method=search&context=course_entry&course_id=_3689_1&handle=announcements_entry&mode=view
318;3690;Lean Manufacturing (11100010640_20221_01) ;https://eadpucpr.blackboard.com/webapps/blackboard/execute/announcement?method=search&context=course_entry&course_id=_3690_1&handle=announcements_entry&mode=view
319;3693;Marketing 4.0 (11100010590_20221_01) ;https://eadpucpr.blackboard.com/webapps/blackboard/execute/announcement?method=search&context=course_entry&course_id=_3693_1&handle=announcements_entry&mode=view
320;3695;Metodologia do Ensino da História para Educação Infantil e Anos Iniciais do Ensino Fundamental (11100010317_20221_01) ;https://eadpucpr.blackboard.com/webapps/blackboard/execute/announcement?method=search&context=course_entry&course_id=_3695_1&handle=announcements_entry&mode=view
321;3696;Metodologia do Ensino da Língua Portuguesa para Educação Infantil e Anos Iniciais do Ensino Fundamental (11100010316_20221_01) ;https://eadpucpr.blackboard.com/webapps/blackboard/execute/announcement?method=search&context=course_entry&course_id=_3696_1&handle=announcements_entry&mode=view
322;3697;Metodologia do Ensino de Arte para Educação Infantil e Anos Iniciais do Ensino Fundamental (11100010318_20221_01) ;https://eadpucpr.blackboard.com/webapps/blackboard/execute/announcement?method=search&context=course_entry&course_id=_3697_1&handle=announcements_entry&mode=view
323;3699;Metodologia do Ensino de Matemática (11100010507_20221_01) ;https://eadpucpr.blackboard.com/webapps/blackboard/execute/announcement?method=search&context=course_entry&course_id=_3699_1&handle=announcements_entry&mode=view
324;3700;Métodos de Pesquisa em Computação (11100010695_20221_01) ;https://eadpucpr.blackboard.com/webapps/blackboard/execute/announcement?method=search&context=course_entry&course_id=_3700_1&handle=announcements_entry&mode=view
325;3702;Neurociência Aplicada ao Marketing (11100010392_20221_01) ;https://eadpucpr.blackboard.com/webapps/blackboard/execute/announcement?method=search&context=course_entry&course_id=_3702_1&handle=announcements_entry&mode=view
326;3703;Oficina Maker (11100010573_20221_01) ;https://eadpucpr.blackboard.com/webapps/blackboard/execute/announcement?method=search&context=course_entry&course_id=_3703_1&handle=announcements_entry&mode=view
327;3705;Operações e Negócios (11100010592_20221_01) ;https://eadpucpr.blackboard.com/webapps/blackboard/execute/announcement?method=search&context=course_entry&course_id=_3705_1&handle=announcements_entry&mode=view
328;3708;Pesquisa de Mercado (11100010594_20221_01) ;https://eadpucpr.blackboard.com/webapps/blackboard/execute/announcement?method=search&context=course_entry&course_id=_3708_1&handle=announcements_entry&mode=view
329;3709;Pratica Cambial (11100010626_20221_01) ;https://eadpucpr.blackboard.com/webapps/blackboard/execute/announcement?method=search&context=course_entry&course_id=_3709_1&handle=announcements_entry&mode=view
330;3711;Prática Profisisonal: Laboratório de Análises Químicas (11100010524_20221_01) ;https://eadpucpr.blackboard.com/webapps/blackboard/execute/announcement?method=search&context=course_entry&course_id=_3711_1&handle=announcements_entry&mode=view
331;3712;Práticas integradas em estética facial e corporal (11100010829_20221_01) ;https://eadpucpr.blackboard.com/webapps/blackboard/execute/announcement?method=search&context=course_entry&course_id=_3712_1&handle=announcements_entry&mode=view
332;3714;Química Analítica Qualitativa e Quantitativa (11100010530_20221_01) ;https://eadpucpr.blackboard.com/webapps/blackboard/execute/announcement?method=search&context=course_entry&course_id=_3714_1&handle=announcements_entry&mode=view
333;3715;Saúde de Coletiva e Epidemiologia (11100010227_20221_01) ;https://eadpucpr.blackboard.com/webapps/blackboard/execute/announcement?method=search&context=course_entry&course_id=_3715_1&handle=announcements_entry&mode=view
334;3717;Spa terapia, massoterapia, massofilaxia e terapias complementares (11100010828_20221_01) ;https://eadpucpr.blackboard.com/webapps/blackboard/execute/announcement?method=search&context=course_entry&course_id=_3717_1&handle=announcements_entry&mode=view
335;3718;Teoria e Prática do Atletismo (11100011265_20221_01) ;https://eadpucpr.blackboard.com/webapps/blackboard/execute/announcement?method=search&context=course_entry&course_id=_3718_1&handle=announcements_entry&mode=view
336;3720;Web Analytics (11100010608_20221_01) ;https://eadpucpr.blackboard.com/webapps/blackboard/execute/announcement?method=search&context=course_entry&course_id=_3720_1&handle=announcements_entry&mode=view
337;3723;Comunicação Aplicada (11100010580_20221_02) ;https://eadpucpr.blackboard.com/webapps/blackboard/execute/announcement?method=search&context=course_entry&course_id=_3723_1&handle=announcements_entry&mode=view
338;3724;Comunicação Aplicada (11100010580_20221_03) ;https://eadpucpr.blackboard.com/webapps/blackboard/execute/announcement?method=search&context=course_entry&course_id=_3724_1&handle=announcements_entry&mode=view
339;3725;Comunicação Aplicada (11100010580_20221_04) ;https://eadpucpr.blackboard.com/webapps/blackboard/execute/announcement?method=search&context=course_entry&course_id=_3725_1&handle=announcements_entry&mode=view
340;3726;Comunicação Aplicada (11100010580_20221_05) ;https://eadpucpr.blackboard.com/webapps/blackboard/execute/announcement?method=search&context=course_entry&course_id=_3726_1&handle=announcements_entry&mode=view
341;3728;Comunicação Aplicada (11100010580_20221_07) ;https://eadpucpr.blackboard.com/webapps/blackboard/execute/announcement?method=search&context=course_entry&course_id=_3728_1&handle=announcements_entry&mode=view
342;3729;Comunicação Aplicada (11100010580_20221_08) ;https://eadpucpr.blackboard.com/webapps/blackboard/execute/announcement?method=search&context=course_entry&course_id=_3729_1&handle=announcements_entry&mode=view
343;3730;Demonstrações Contábeis (11100010334_20221_02) ;https://eadpucpr.blackboard.com/webapps/blackboard/execute/announcement?method=search&context=course_entry&course_id=_3730_1&handle=announcements_entry&mode=view
344;3733;Empreendedorismo e Inovação (11100010583_20221_02) ;https://eadpucpr.blackboard.com/webapps/blackboard/execute/announcement?method=search&context=course_entry&course_id=_3733_1&handle=announcements_entry&mode=view
345;3734;Empreendedorismo e Inovação (11100010583_20221_03) ;https://eadpucpr.blackboard.com/webapps/blackboard/execute/announcement?method=search&context=course_entry&course_id=_3734_1&handle=announcements_entry&mode=view
346;3736;Empreendedorismo e Inovação (11100010583_20221_05) ;https://eadpucpr.blackboard.com/webapps/blackboard/execute/announcement?method=search&context=course_entry&course_id=_3736_1&handle=announcements_entry&mode=view
347;3737;Empreendedorismo e Inovação (11100010583_20221_06) ;https://eadpucpr.blackboard.com/webapps/blackboard/execute/announcement?method=search&context=course_entry&course_id=_3737_1&handle=announcements_entry&mode=view
348;3739;Fundamentos da Programação Orientada a Objetos (11100010550_20221_02) ;https://eadpucpr.blackboard.com/webapps/blackboard/execute/announcement?method=search&context=course_entry&course_id=_3739_1&handle=announcements_entry&mode=view
349;3740;Fundamentos da Programação Orientada a Objetos (11100010550_20221_03) ;https://eadpucpr.blackboard.com/webapps/blackboard/execute/announcement?method=search&context=course_entry&course_id=_3740_1&handle=announcements_entry&mode=view
350;3742;Gestão de Gente (11100010585_20221_02) ;https://eadpucpr.blackboard.com/webapps/blackboard/execute/announcement?method=search&context=course_entry&course_id=_3742_1&handle=announcements_entry&mode=view
351;3743;Gestão de Gente (11100010585_20221_03) ;https://eadpucpr.blackboard.com/webapps/blackboard/execute/announcement?method=search&context=course_entry&course_id=_3743_1&handle=announcements_entry&mode=view
352;3745;Gestão de Negócios (11100010333_20221_02) ;https://eadpucpr.blackboard.com/webapps/blackboard/execute/announcement?method=search&context=course_entry&course_id=_3745_1&handle=announcements_entry&mode=view
353;3746;Gestão de Negócios (11100010333_20221_03) ;https://eadpucpr.blackboard.com/webapps/blackboard/execute/announcement?method=search&context=course_entry&course_id=_3746_1&handle=announcements_entry&mode=view
354;3747;Gestão de Negócios (11100010333_20221_04) ;https://eadpucpr.blackboard.com/webapps/blackboard/execute/announcement?method=search&context=course_entry&course_id=_3747_1&handle=announcements_entry&mode=view
355;3749;Gestão de Negócios (11100010333_20221_06) ;https://eadpucpr.blackboard.com/webapps/blackboard/execute/announcement?method=search&context=course_entry&course_id=_3749_1&handle=announcements_entry&mode=view
356;3751;Operações Financeiras e Créditos (11100010335_20221_03) ;https://eadpucpr.blackboard.com/webapps/blackboard/execute/announcement?method=search&context=course_entry&course_id=_3751_1&handle=announcements_entry&mode=view
357;3752;Precificação (11100010346_20221_02) ;https://eadpucpr.blackboard.com/webapps/blackboard/execute/announcement?method=search&context=course_entry&course_id=_3752_1&handle=announcements_entry&mode=view
358;3754;Teologia e Sociedade (11100010599_20221_02) ;https://eadpucpr.blackboard.com/webapps/blackboard/execute/announcement?method=search&context=course_entry&course_id=_3754_1&handle=announcements_entry&mode=view
359;3755;Comunicação Aplicada (11100010580_20221_09) ;https://eadpucpr.blackboard.com/webapps/blackboard/execute/announcement?method=search&context=course_entry&course_id=_3755_1&handle=announcements_entry&mode=view
